DATE,TITLE,SUMMARY
2022-01-02 13:00:58,Weekly Stock Market Forecast,"This week we have a stock market forecast for the week of 1/2/2022 from our friend Bo Yoder of the Market Forecasting Academy. Be sure to leave a comment and let us know what you think! The S&#038;P 500 (SPY) The Fed again interjected itself into the markets, and the downside follow through I was [&#8230;]"
2022-01-01 13:00:30,Earnings Calendar For January 2022,January means the start of another earnings season and there are many opportunities ahead IF you know how to find big earnings plays. INO.com's Drift Trader helps subscribers get a jump on stocks that may swing after beating analysts' EPS estimates. Learn how to find these picks with a free test drive to Drift Trader. [&#8230;]
2022-01-03 16:40:54,Top Cryptos vs. Bitcoin In 2021,"2021 is done, and we can check the performance of top cryptocurrencies compared with the main coin for the past year. I promised to build this leaderboard in my earlier post where I compared fiat currencies with gold. The crypto universe repeatedly extends as new coins and tokens appear in the arena one by one. [&#8230;]"
2022-01-04 16:35:08,2022 Financials Outlook,"2021 Tailwinds The big banks have benefited from a confluence of a rising interest rate environment, post-pandemic economic rebound, financially strong balance sheets, a robust housing market, and the easy passage of annual stress tests. Earnings season kicks off in January for all the major financials. The most recent earnings reports from the core financials [&#8230;]"
2022-01-07 22:16:09,2022 Starts Off With A Thud,"Well, 2022 didn't start the way a lot of traders had hoped, I imagine. Stocks fell on Friday to end a rough first trading week of the year, as rising interest rates battered tech shares. The NASDAQ dropped -0.96% to close at 14,935.90. The S&#038;P 500 fell -0.41% to 4,677.03, and the DOW lost 4.81 [&#8230;]"
2022-01-06 17:18:46,"Bitcoin 2022 Price: $113,972!","While I’m not in love with price predictions, when I figured out a reasonable 2022 target for Ethereum (ETH), I have to admit I kinda enjoyed it. So, I figured, why not kick off our first installment of 2022 with a bold prediction of where we think the price of Bitcoin (BTC) is headed over [&#8230;]"
2022-01-05 16:30:50,My Top Sector For 2022 And Beyond,"Since the start of the pandemic, there have been a number of supply chain and global shortages of different products. But one industry had a shortage of their product not only because of the pandemic-related supply chain problems but because of the rapid increase in demand for the product. More so, the product is seeing [&#8230;]"
2022-01-09 13:00:39,A Cynical Fed Is A Dangerous Fed,"A stroll through recent and not so recent inflationary history. On ‘Fed minutes Wednesday’ the media amplified the noise, the machines are doing what the machines do and running with it, and it’s all eyes on the great and powerful Fed (of Oz). The Fed created the cyclical inflation (in NFTRH we detailed and managed the [&#8230;]"
2022-01-10 16:39:47,Block and PayPal - Ostensibly Bottomed,"Before the massive market rotation and tech-heavy selling, specifically in high beta and richly valued stocks, fintech had been in a multi-year secular growth trend. Recently, high-quality names in the space such as Block (SQ), formally Square, and PayPal (PYPL) have seen their stocks nearly cut in half. Block has come down from $298 to [&#8230;]"
2022-01-14 22:07:17,Stock Market Notches Second Straight Losing Week,"The downtrend from last week continued this week as the stock market notched its second straight losing week to start 2022, with all three indexes finishing in negative territory. The NASDAQ shed -0.28%, while the DOW and S&#038;P 500 lost -0.30% and -0.88%, respectively. As for Friday's trading, The DOW slid 201.81 points or -0.56%, [&#8230;]"
2022-01-14 13:00:56,The Truth Behind The Bitcoin Sell-Off,"Let's get right to it, if you invest long enough, you're going to have to deal with markets behaving in knee-jerk ways, and the recent selloff is Bitcoin (BTC) fits the bill to a T. The fact is Bitcoin, along with the entire crypto asset class, got pummeled because the Fed signaled that they're in [&#8230;]"
2022-01-12 17:00:39,Top Performing ETFs Of 2021,"Despite the major market crash in March, all of the major indexes ended 2020 in the green. The S&#038;P 500 (SP500) ended the year up 26.89%, the Dow Jones Industrial Average (DJI) rose 18.73%, and the NASDAQ (COMP) increased by 21.39% in 2021. Despite what felt like a discount between technology stocks, the NASDAQ, and [&#8230;]"
2022-01-20 13:00:10,"Apparently, Valuations Do Matter","2021 ended with a bang, with the S&#038;P posting a 27% gain on the year. This appreciation occurred with the markets were facing a trifecta of rising interest rates, an unknown coronavirus variant backdrop, and the Federal Reserve tapering. The major indices reached unprecedented territory breaking through all-time high after all-time in what seemed like [&#8230;]"
2022-01-19 13:00:37,Rescue Me,"How transitory is transitory? Maybe inflation won’t turn out to be as “transitory” as we would like, but even the Federal Reserve thinks inflation will ease sometime in the not-too-distant future, likely this year. The bond market certainly doesn’t seem overly concerned about it, with the 10-year Treasury note trading late last week at about [&#8230;]"
2022-01-18 16:14:50,Gold Has Stalled At Equilibrium,"Back in April 2020, in my post, I had surmised ""Gold Could Fly Over A Helicopter Throwing Money"" as the fourth round of Quantitative Easing (QE4) had started a month earlier in March 2020 with an initial pledge to inject $700 billion via asset purchases to support U.S. liquidity. The price of gold was $1,681 [&#8230;]"
2022-01-21 22:25:16,Nothing Good Happens Below 200-Day MA,"On Friday, the stock market fell again, closing out another losing week and continuing its rough start to 2022. Again, the NASDAQ was hit the hardest with Friday's selloff sending the tech-heavy index to its worst week since March 2020. The NASDAQ declined -2.72% to close at 13,768.92. The DOW fell 450.02 points or -1.30% [&#8230;]"
2022-01-21 13:00:35,This Chart Pattern Spells Upside For BTC,"If you've been reading my articles here at INO.com, I don't have to tell you that I lean on fundamental analysis when I talk about crypto. You've also noticed that I don't hesitate to pull out a chart and do some technical analysis. That's why today, we're going to use some technical analysis to explore [&#8230;]"
2022-01-27 18:58:27,Failure To launch,"Can everybody just chill a little? Yes, the Fed is “indicating” it’s moving to a less accommodative stance, no more government bond purchases, higher interest rates, maybe a decrease in its massive $9 trillion balance sheet, but it’s decidedly not going away. It simply can’t. Tightening? Hardly. Indeed, as the results of its January 25-26 [&#8230;]"
2022-01-26 19:52:47,Worst Performing ETFs Of 2021,"As we look back at yet another pandemic year and yet another tough 12 months for many reasons, overall, the markets have learned to deal with the pandemic and the headline news stories about new variants and new covid restrictions. This is proven by the fact that the major indexes all performed very well in [&#8230;]"
2022-01-25 17:23:15,Extreme Volatility: Options-Based Portfolio Approach,"Cash is a critical component to any portfolio strategy to reduce volatility, seize opportunities, lower cost basis of a long position and avoid full exposure to the equity markets. Controlling portfolio volatility is essential as the broader markets continue to undergo a sea change from high beta/richly valued technology stocks and into value names. The [&#8230;]"
2022-01-24 16:54:32,Palladium Update: Contradiction,"In October 2021, I shared with you my technical outlook for palladium futures. The chart structure was clear; therefore, I was confident of further collapse of palladium price. The results of your ballot are in the graph below. Most of you voted for a bullish trend to resume. The second popular bet turned out to [&#8230;]"
2022-01-29 13:00:17,"A Macro View For Stocks, Commodities And Gold","Final rally for stocks, commodities to top, and a final down leg for gold? This is one man asking one question among several I could be asking, given the volatility of macro indicators on a day-to-day, week-to-week basis. But as FOMC rides off into the sunset it is the scenario that I think is most [&#8230;]"
2022-01-28 22:29:33,Stocks End Week On A High Note,"This week was like being on a roller coaster at Disneyworld. It had more up and downs due to volatility, the Fed, and earnings. But, there were certainly some daily moves that gave traders an adrenaline rush. The DOW rose 564.69 points or +1.65% to close at 34,725.47, marking its best day of 2022. The [&#8230;]"
2022-02-04 22:39:07,Stocks Post Best Week Of The Year,"The S&#038;P 500 and NASDAQ jumped Friday to finish their best week of the year, as continued strength in earnings reports extended the tech-led rebound from the January rout. On a weekly level, the S&#038;P 500 finished +1.5% higher. The NASDAQ rose +2.4%, and the DOW wrapped up the week up +1.1%. This marks the [&#8230;]"
2022-02-04 16:54:50,This Is Not The Time To Panic,"Almost the worst January in history! The streets are red, and everything looks like doom and gloom. Your account is off its highs, and nearly every day you log in to see what stock and ETF prices are doing, it only gets worse. The Federal Reserve is telling us they will raise interest rates all [&#8230;]"
2022-02-03 16:40:47,"Bitcoin: Digital Gold, Inflation Hedge Or Stock Market Gauge?","Bitcoin celebrated its 13th-anniversary last month. Which place in the financial universe does this ""teenager"" take over the time? Naturally, the judgment on this constantly changes with the growing acknowledgment of Bitcoin. It started as a revolutionary experiment, and nowadays, it is considered a financial asset with a growing acceptance from investors reflected in the [&#8230;]"
2022-02-02 13:00:26,Earnings Calendar for February 2022,"We are in the heat of earnings seasons. Over 2,000 companies are scheduled to release their quarterly financials in February, with over 700 of those dropping in the last full week of the month. That means February is primed for earnings plays - that is if you know what to look for. INO.com's Drift Trader [&#8230;]"
2022-02-01 16:23:32,Opportunities Abound - Building Out A Portfolio,"The economy is going through a pivotal moment as the Federal Reserve withdrawals stimulus as economic tailwinds may be in jeopardy. The culmination of inflation, supply chain constraints, pandemic backdrop, rising rates, and easy money policies coming to an end has led to some individual stocks losing 30%-80% of their value in a matter of [&#8230;]"
2022-02-09 14:00:11,Downside Protection: Risk-Defined Put Spreads vs Cash Covered Puts,"Option trading can provide a meaningful addition to one's overall portfolio strategy when used in a disciplined manner. When options are used as a component to a holistic portfolio approach, generating consistent monthly income while defining risk, leveraging a minimal amount of capital, and maximizing returns is achievable. An options-based portfolio can provide durability and [&#8230;]"
2022-02-08 14:00:58,Behind Goldman's Huge Bitcoin Prediction,"I don't have to tell you that financial powerhouses are quickly realizing that Bitcoin (BTC) and blockchain technology are revolutionizing the way we do just about everything, from conducting business to making financial transactions. In fact, we took a deep dive into Bank of America's bombshell crypto report that pointed out in no uncertain terms [&#8230;]"
2022-02-07 16:10:04,Dollar Fades After Hitting The Target,"Last December, in the post titled ""Is The Dollar Going To Steal The Santa Claus Rally?"" I had shown you how a well-known “Double Bottom pattern” had been emerging in the daily chart. According to your voting, most of you have spotted that model as well. I put the updated chart below to show you [&#8230;]"
2022-02-11 16:34:05,Fed Jawbones Mean Business,3 month T-bill yield is demanding the Fed raise the Funds rate And the Fed is listening. Yesterday I made a sarcasm-tinged post about the parade of Fed jawbones in the media and the coordinated and thus comical desperation they seem to exhibit. The stern message is that the Fed Funds rate could be raised at any [&#8230;]
2022-02-10 16:08:56,REITs May Be Great Investment Moving Forward,"Real estate has historically been a great investment during times of high inflation. And in certain ways, it’s also a good investment to be holding during times of high-interest rates. Just a month or so ago, the US saw inflation at over 7%. And during the Federal Reserve meeting in January, Jerome Powell made it [&#8230;]"
2022-02-27 13:00:41,Weekly Stock Market Forecast,"This week we have a stock market forecast for the week of 2/27/2022 from our friend Bo Yoder of the Market Forecasting Academy. Be sure to leave a comment and let us know what you think! The S&#038;P 500 (SPY) This has certainly been a busy week! A Russian invasion of Ukraine, radical movement in [&#8230;]"
2022-02-25 22:34:00,Stock Market Fights Off Volatility,"Stocks soared on Friday, culminating with the DOW having its best day of trading since November 2020, but was this bounce back at the end of a volatile week and end to the wild ride, or is there more pain on the horizon? On a daily level, the DOW added 834.92 points or +2.51%, closing [&#8230;]"
2022-02-24 14:00:18,Options Trading And Implied Volatility (IV) Rank,"Recent Market Correction and Options The post-pandemic gains have been negated as the accommodative monetary policies are coming to an end. The market has been smacked in the face with several macroeconomic issues via unsustainable inflation, impending interest rate hikes, and geopolitical issues. As such, a third of the Nasdaq 100 stocks are off at [&#8230;]"
2022-03-06 18:00:05,Weekly Stock Market Forecast,This week we have a stock market forecast for the week of 3/6/2022 from our friend Bo Yoder of the Market Forecasting Academy. Be sure to leave a comment and let us know what you think! The S&#038;P 500 (SPY) Not a lot of clarity out there after a week of post-invasion and a state [&#8230;]
2022-03-06 01:51:51,Inflation And Ukraine Crisis Cause Gold To Surge,"Gold prices have been moving to a higher value at a pace not witnessed in quite some time. On Monday, gold futures basis most active April 2022 contract opened at $1920 and closed at $1900 after recovering from a low of $1893. On Tuesday, gold prices gained over $40 and accelerated the defined uptrend that [&#8230;]"
2022-03-04 22:43:12,Ukraine/Russia Conflict Weighs On Markets,"Stocks fell on Friday, ending the week lower with the DOW posting its fourth straight weekly loss as worrisome developments in Ukraine weighed on sentiment. As far as Friday's trading was concerned, the DOW dropped 179.86 points or -0.53%, to close at 33,614.80. Likewise, the S&#038;P 500 declined -0.79% to 4,328.87, while NASDAQ moved down [&#8230;]"
2022-03-04 17:24:13,Earnings Calendar for March 2022,"Just like the weather, March earnings will come in like a lion and out like a lamb. Over 1,300 companies are scheduled to release their quarterly financials in March. Many of those hit the wire early in the month. That means March is still primed for earnings plays - that is, if you know what [&#8230;]"
2022-03-03 16:49:13,Behind Wells Fargo's Crypto Report,"As you know, if you've been visiting here over the past year, we've had a ton of fun looking at how some of the biggest financial powerhouses are approaching cryptocurrency and blockchain investing. Most recently, investment banking behemoth Goldman Sachs said that Bitcoin (BTC) was likely headed to $100K and above in 2022. When I [&#8230;]"
2022-03-02 13:00:02,Dollar-Cost Averaging Into The Correction,Relentless Selling The bears have been circling for months and have now mauled these markets into a correction. The linchpin was inflation along with an impending rising interest rate environment. The simmering geopolitical tensions between Russia and Ukraine only exacerbated this delicate market and pushed it into a full-blown correction. Over a third of the [&#8230;]
2022-03-01 15:56:01,Major Cryptos Enter Bullish Mode,"The price of Bitcoin has built two large legs down that perfectly fit the slightly up-sloping trend channel (orange). It means these legs are equal in size. It is a good sign as we could consider the large consolidation as completed then. Since January 24, 2022, the sharp move up advanced rapidly to hit the [&#8230;]"
2022-03-10 13:00:13,"Powell To The Rescue, Yet Again","Over the past several years, Modern Monetary Theory has become de facto U.S. government economic policy. To refresh your memory, MMT posits that the government can spend as much money as it likes without worrying about how to pay for it because essentially, it owes the money to itself, plus it can simply print more [&#8230;]"
2022-03-09 13:00:42,Silver Update: $40 Then $81?,"The title of this post is not clickbait; please keep reading until the end to see why silver can hit these levels. The bullish pattern is shown in the dollar index chart in my December post with a question in the title ""Is The Dollar Going To Steal The Santa Claus Rally?"" played out as [&#8230;]"
2022-03-08 13:00:30,"Geopolitics - Sell The Rumor, Buy The News?","Relentless Selling The old adage is buying the rumor and selling on the news; however, during this recent market correction, it's been the opposite. Selling the rumor and buying the news has prevailed when it comes to interest rate hikes and the geopolitical tensions between Russia and Ukraine. In both cases, the anticipation of rate [&#8230;]"
2022-03-07 16:03:34,Oil And Gas ETFs Are Headed Higher,"When the Coivd-19 Pandemic began, the oil and gas industry went into the tank as demand for oil came to an abrupt halt. Around the world, air travel and domestic passenger vehicle travel were essentially non-existent when governments around the world implemented travel restrictions and lock-downs to slow the spread of the virus. Once stay-at-home [&#8230;]"
2022-03-15 16:15:53,Interest Rates Are Going To Go Higher,"Even while the Russian-Ukraine conflict continues to rage on, the fact of the matter is the US, and honestly, the majority of the world is dealing with higher-than-expected inflation. And the most direct way to bring that inflation back down to sustainable levels is for the Federal Reserve and other central banks around the world [&#8230;]"
2022-03-14 15:29:07,Crypto: Failed Rally Builds Ambiguous Pattern,"Before starting the crypto update, I would like to check an assumption circulating in the media regarding a strong correlation of Bitcoin with the Nasdaq 100 index in the chart below. It is safe to say that over the past two years, most of the time, Bitcoin was in a positive correlation with the Nasdaq [&#8230;]"
2022-03-12 13:00:26,Gold Corrects After Challenging Record High,"On Tuesday, March 8, gold futures traded to an intraday high of $2078, roughly $10 below the all-time high of $2088, which was achieved in August 2020. The current decline in gold is the first real price decline since January, when gold hit a low of approximately $1780. Until Tuesday of this week, what followed [&#8230;]"
2022-03-11 22:41:40,DOW Joins The Death Cross Party,"The DOW fell once again Friday and notching its fifth straight week of losses joining the Death Cross party with the NASDAQ and Bitcoin. As far as Friday's trading was concerned, the DOW fell 229.88 points or -0.69% to close at 32,944.19Likewise, the S&#038;P 500 fell -1.30% to 4,204.31, and the NASDAQ fell -2.18% to [&#8230;]"
2022-03-20 11:53:36,Fed Not Hawkish: Hellflation Or Liquidation Ahead,"Is the Fed trying to blow another, more covert asset bubble? [edit] With a note that another, less viable option is possible as well. That would be a ‘just right’ Goldilocks gently disinflationary option similar to the 2012-2019 phase. [edit2] A subsequent post notes another reason the Fed may be erring dovish, as the Bank sector negatively diverges long-term [&#8230;]"
2022-03-19 11:00:43,Feds Hawkish Demeanor Puts Pressure On Gold,"This week's market participants seemed complacent in regards to the Russian invasion of Ukraine and the current level of inflation. Four of the five trading days this week were characterized as having lower closes than its opening price and lower closes compared to the prior day's closing price. On Wednesday, when the Federal Reserve concluded [&#8230;]"
2022-03-18 21:36:45,Bear Market Rally Or Something Else?,"The stock market ended the week higher for its best week in over a year. But the question is, is this just a bear market rally, or have we seen the bottom and its blue skies ahead? The DOW rose 274.17 points or +0.80% to close at 34,754.93, its fifth day of gains to close [&#8230;]"
2022-03-18 12:00:29,Bond Market Breakdown with Jeff Gundlach,"DoubleLine CEO Jeffrey Gundlach, and Capital Wealth Planning CIO Kevin Simpson, join host Melissa Francis, former CNBC, MSNBC, Fox Business, and FOX News anchor, to break down standout trends in the bond markets. Featuring special guest Gary Kaminsky, former vice chairman at Morgan Stanley and former capital markets editor at CNBC. Watch the full interview [&#8230;]"
2022-03-17 12:00:13,Big Banks' Meltdown Overblown,"Higher Expenses and Geopolitics Capping off 2021, the cohort of big banks had the perfect set-up with secular trends via a confluence of a rising interest rate environment, post-pandemic economic rebound, financially strong balance sheets to support expanded buybacks and dividends, a robust housing market, and the easy passage of annual stress tests. However, as [&#8230;]"
2022-03-16 12:00:21,Cryptocurrency Strategies for 2022,"SkyBridge Capital Founder Anthony Scaramucci, CoinShares CSO Meltem Demirors, and Seymour Asset Management CIO Tim Seymour join host Melissa Francis, former CNBC, MSNBC, Fox Business, and FOX News anchor, to delve into the nuances of the digital currency market. Watch the full interview and see more on crypto, inflation, and interest rates from Wall Street [&#8230;]"
2022-03-23 20:38:23,"Biden: ""There's Going To Be A New World Order""","But what did he mean when he said that? This week, lots of news outlets are beginning to look at the prices at the pump for retail gasoline and diesel. As a result, there has been a sort of renaissance in the media as they are only now beginning to understand the mechanics involved in [&#8230;]"
2022-03-22 12:00:43,"Now It Begins, But How Will It End?","As expected, the Federal Reserve raised its target interest rate by 25 basis points last Wednesday, as Fed Chair Jerome Powell said two weeks ago that it would do. What was surprising was that the Fed also telegraphed that it plans to raise rates six more times this year, to at least 1.75% by the [&#8230;]"
2022-03-21 15:00:39,CFTC Wants Spot Crypto Authority,I have to admit: I almost fell out of my chair when I read the latest details about the ongoing development of crypto regulation. Reason? The CFTC or Commodity Future Trading Commission is throwing its hat in the ring to become the regulator of choice when it comes to spot crypto. And they're making some [&#8230;]
2022-03-27 16:08:17,The War In Ukraine Will Raise Global Inflation,"Why would the war in Ukraine greatly raise the global inflation rate? This question is extremely applicable to the current conflict because it will exponentially magnify the record high level of inflation, which began years ago as the Federal Reserve and central banks embarked on one of the most accommodative monetary policies ever. In essence, [&#8230;]"
2022-03-25 21:31:32,Do Two Weeks Make A Trend?,"For the second straight week, the S&#038;P 500 rose Friday to close out a winning week, its second straight, even as investors weighed interest rate hikes, the conflict in Ukraine, and rising oil prices. But do two positive weeks make a new trend to the upside, or is the market getting close to resistance levels? [&#8230;]"
2022-03-25 12:00:46,"Energy, Stagflation, and the Fed with Kyle Bass","Kyle Bass, Founder and CIO, Hayman Capital Management, joins Melissa Francis, former CNBC, MSNBC, Fox Business, and FOX News anchor, to discuss oil, alternative energy and strategies to navigate a stagflation. Watch the Full Interview at Magnifi by TIFIN Melissa Francis Welcome everyone. Today, we are here to talk about Magnifi by TIFIN, a marketplace [&#8230;]"
2022-03-31 15:00:20,How to Hedge Against Inflation,"Are we headed into a period of stagflation? How will the Fed raise rates and taper this inflationary pressure? These are big questions with complex answers. Kevin Simpson, founder and CIO of Capital Wealth Planning, and Gary Kaminsky, former Vice Chairman at Morgan Stanley, sit down with Melissa Frances to discuss the Fed, interest rates, [&#8230;]"
2022-03-30 18:50:00,The World Is Not Ready To Go Green,"“The following is an excerpt from Tim Snyder’s “Weekly Quick Facts” newsletter. Tim is an accomplished economist with a deep understanding of applied economics in energy. We encourage you to visit Matador Economics and learn more about Tim. While there, you can sign up for his completely free Daily Energy Briefs and Weekly Quick Facts [&#8230;]"
2022-03-29 12:00:04,Macro Economic Drivers with Bryn Talkington and Peter Boockvar,"We are living in exciting times with crazy volatility. What strategies can you use to protect your portfolio and leverage these swings? Melissa Francis sits down with Bryn Talkington, Managing Partner of Requisite Capital Management, and Peter Boockvar, CIO of Bleakley Advisory Group, to look at the market and discuss various strategies. Watch the Full [&#8230;]"
2022-03-28 12:00:29,Bitcoin To Hit $100K!,"I probably don't have to tell you that no matter where you turn these days, everybody and their brother has a new prediction for where the price of Bitcoin (BTC) is headed this year. In February, I let you in on the nitty-gritty behind investment banking behemoth Goldman Sachs' prediction that Bitcoin was headed to [&#8230;]"
2022-04-01 12:00:44,Potential Market Inflection Point Imminent?,"Cautiously Optimistic Commodity prices are soaring, the war between Russia and Ukraine is worsening, inflation is raging, and the Federal Reserve has begun increasing rates. The backdrop seems ominous; however, the market may be just one positive headline away from an inflection point to turn the tide in a positive direction. Timing the market has [&#8230;]"
2022-04-05 15:09:03,Protect Your Portfolio From An Inverted Yield Curve,"In March, the spread between the 5-year Treasury bonds and the 30-year notes inverted. This means that the yield on the shorter-term bonds was actually higher than the yield for the longer-term notes. This is a signal to some that a recession is coming. Since 1955, equities have peaked six times after the start of [&#8230;]"
2022-04-04 15:19:18,Disney - Full Business Strength Ahead,"Disney is starting to fire on all cylinders now that Covid has subsided. Disney's parks are back in full swing, and movie theaters are springing back to life in this post-pandemic environment. Despite Disney's full business nearly back online, the stock sits near a 52-week low. Disney (DIS) should be in the sweet spot of [&#8230;]"
2022-04-03 16:31:01,Yield Curve Inverts Deeper Than August Of 2019,"Like the larger media, this tiny little spec within the media reports the news to you. The 10yr-2yr yield curve has inverted (ref. Yield Curve inversion upcoming). Now, what does it mean? Well, the first thing it usually means is not to panic (especially now that High Yield credit spreads are easing), but to tune [&#8230;]"
2022-04-02 11:00:59,Jobs Report Supports Aggressive Rate Hikes,"The most recent jobs report supports aggressive Fed rate hikes, to reduce inflation, but other factors need to be resolved to solve the big global picture. The Bureau of Labor Statistics released some welcome news today. 431,000 Americans became gainfully employed in March, and the jobless rate was within 0.1% of 3.5%, coming in at [&#8230;]"
2022-04-01 21:55:10,Stocks Have Worst Quarter In 2 Years,"The first quarter of 2022 was the worst first quarter since 2020 in the stock market. The DOW and S&#038;P 500 closed down -4.57% and -4.95%, respectively, and the NASDAQ lost -9.10%. Some of the contributing factors to this rough quester were the start of a rate hiking cycle from the Federal Reserve, high inflation, [&#8230;]"
2022-04-10 12:00:40,U.S. Dollar To Hit $121; Crude Oil To Hit $176?,"It turned out that the dollar weakness we observed in February was about to be over right after the earlier update. I thought we would see more downside for the DX in the area between 94.4 and 92.5 (Fibonacci retracement levels) before the rally resumes, and most readers supported that idea. However, the rally started [&#8230;]"
2022-04-09 11:00:53,Gold Rises Ahead Of CPI Inflation Report,"As of 4:44 PM EDT gold futures basis, the most active June 2022 contract is trading up $11.70, a gain of 0.60% at $1949.50. There were some alarming forecasts for the upcoming release of the latest inflationary data vis-à-vis the CPI (Consumer Price Index) on Tuesday, March 12. Just last week, estimates were released by [&#8230;]"
2022-04-08 21:33:02,Is The Bear Market Rally Over?,"The stock market finished the week in the negative as traders braced for tighter monetary policy from the Federal Reserve. The S&#038;P 500 finished the week just below its 200-day MA, which could signal a move lower if it opens below that level on Monday and makes a move lower. In addition, the red weekly [&#8230;]"
2022-04-08 12:00:18,BTC Technical Outlook Is Bullish!,"If you've hung around my articles long enough, you know that when I take a look at what assets to devote my hard-earned cash to, I've found that both technical and fundamental analysis are two great tools. They've served me well over the years. In fact, earlier this year I did a deep dive into [&#8230;]"
2022-04-07 15:22:59,Earnings Calendar for April 2022,"April means earnings season is almost here! Alcoa (AA) is scheduled to report quarterly earnings to investors on April 20. That marks the unofficial start of earnings season. It's also when our Drift Trader list starts to fire up again, picking stocks that have the potential to run after surprise announcements. Get a jump on [&#8230;]"
2022-04-06 16:22:01,Truth: The New Frontier In Energy,"“The following is an excerpt from Tim Snyder’s “Weekly Quick Facts” newsletter. Tim is an accomplished economist with a deep understanding of applied economics in energy. We encourage you to visit Matador Economics and learn more about Tim. While there, you can sign up for his completely free Daily Energy Briefs and Weekly Quick Facts [&#8230;]"
2022-04-15 17:05:55,Global Inflation Prompts Action By Central Banks,"Inflation is not limited to the United States. It is a global phenomenon prompting central banks worldwide to take action. Central banks worldwide are quickly moving to a more aggressive monetary policy in an attempt to stave off the spiraling international level of inflation. The president of the Federal Reserve Bank of New York, John [&#8230;]"
2022-04-14 16:29:37,Fighting The Eternal Fire,"The Federal Reserve’s vaunted independence, which we heard so much about during the Trump Administration but very little so far under President Biden, will be put to the test this year as it battles 1980s-style inflation during an election year. Will the Fed fight vigorously to fight inflation that now totals an annualized 8.5% according [&#8230;]"
2022-04-13 17:05:04,End Of The Pandemic Or The Beginning Of A Recession?,"“The following is an excerpt from Tim Snyder’s “Weekly Quick Facts” newsletter. Tim is an accomplished economist with a deep understanding of applied economics in energy. We encourage you to visit Matador Economics and learn more about Tim. While there, you can sign up for his completely free Daily Energy Briefs and Weekly Quick Facts [&#8230;]"
2022-04-12 12:00:43,Know Your Crypto Technicals… Every Day!,Everyone’s hyping up crypto. But does anyone actually know what they’re talking about? The noise in the crypto space gets louder every day. But there’s not nearly enough good information out there for responsible traders.  That’s where JC Parets comes in... JC and his talented team at All Star Charts have gone all-in to deliver [&#8230;]
2022-04-11 12:00:12,ETFs To Invest In When Interest Rates Are Rising,"In March, the Federal Reserve decided to raise interest rates for the first time since the Covid-19 Pandemic began. The timing of the interest rate hike was needed as inflation has grown during the pandemic for many reasons. Some believe inflation is on the brink of running out of control, which has Federal Reserve members, [&#8230;]"
2022-04-19 12:00:38,Gold Has Repeated Bullish Pattern,"Back in February, I shared with you an updated monthly chart of gold futures with a completed Cup &#038; Handle pattern just ahead of a potential breakout above the preset trigger. Most readers supported the ambitious target of $2,800 for that exact pattern. So let's check on the chart below and see how it plays [&#8230;]"
2022-04-18 12:00:59,Bitcoin Tested By Uncertainty... And Wins!,"I probably don’t have to tell you that no matter where you turn these days, there’s one thing you can be certain of. Uncertainty. That’s right. There’s a ton of uncertainty no matter where we turn. And that’s true, as a matter of fact, in our daily lives: While we try to make things as [&#8230;]"
2022-04-17 13:00:10,Options-Based Portfolio Screening Tool,"Controlling the overall systemic risk of a portfolio is essential as the markets continue to grapple with inflation, a rising interest rate environment, supply chain challenges, and the Russian/Ukraine conflict. Controlling volatility while generating in-line or superior returns relative to the market is the goal of an options-based portfolio. An option-based strategy is achieved via [&#8230;]"
2022-04-16 19:44:52,The Continuum: Through The Limiters!,"Inflation pushes the 30-year Treasury bond yield through long-term moving average trends! Okay, let’s take a breath. I don’t like to use ‘!’ in titles or even in articles. In fact, when I see too many of them I immediately think that someone really REALLY wants me to see their point. That said, the signal shown below [&#8230;]"
2022-04-23 12:00:11,Gold Declines As Fed Prepares To Fight Inflation,"The Federal Reserve’s next FOMC meeting is just under two weeks away, and market participants are gaining insight from Chairman Powell and other Federal Reserve voting members. Recent statements by Chairman Powell have indicated a major shift in his position regarding inflation. Up until his most recent statements, he maintained that inflation levels had peaked, [&#8230;]"
2022-04-22 21:17:42,DOW Plunges More Than 900 points,"The stock market plunged on Friday, with the DOW suffering its worst one-day loss since the beginning of the pandemic falling 1,019.00 points at its lowest point. The DOW fell 981.36 points, or -2.8%, to finish at 33,811.40, its worst day since 2020. The S&#038;P 500 was down -2.8% at 4,271.78, for its lowest day [&#8230;]"
2022-04-22 12:00:01,"Tesla, Twitter, and Elon Musk","In this episode, Cathie Wood, CEO of ARK Investment Management, joins Melissa Francis and Magnifi by TIFIN to discuss her views on Tesla, Twitter, and Disruptive Innovation. Watch the Full Interview at Magnifi by TIFIN Melissa Francis Welcome everyone today. We're here to talk about Magnifi by TIFIN a marketplace, where you can harness real-time [&#8230;]"
2022-04-21 12:00:19,"Truth Is, It's Not Just About Fueling EVs","“The following is an excerpt from Tim Snyder’s “Weekly Quick Facts” newsletter. Tim is an accomplished economist with a deep understanding of applied economics in energy. We encourage you to visit Matador Economics and learn more about Tim. While there, you can sign up for his completely free Daily Energy Briefs and Weekly Quick Facts [&#8230;]"
2022-04-20 17:31:26,Situation With Russian ETFs Highlights A Bid Risk,"As the world watches Russian troops attack Ukraine, global leaders impose sanctions on Russia, as opposed to sending military personnel to assist the Ukrainian people with repelling Russian forces. Over the long term, these sanctions may impose more damage on Russia and the companies that lay within its borders than troops perhaps could. It is [&#8230;]"
2022-04-28 12:00:34,Let's Get Serious,Federal Reserve Chair Jerome Powell indicated strongly last week that the Fed will likely raise interest rates by 50 basis points at its next meeting on May 3-4. It will likely get more aggressive in its fight against 8%-plus inflation. It’s going to have to because just as fast as the Fed is trying to [&#8230;]
2022-04-27 17:00:56,Reconciling Meta's 50% Sell-Off,"Extreme Bearishness Facebook, recently rebranded as Meta Platforms Inc. (FB), is down 52% from its September 2021 high and now sits at a 52-week low. The recent downturn came after the company reported its quarterly earnings back in February. The stock downturn was related to capital investment in its metaverse initiatives, concerns from growing competition [&#8230;]"
2022-04-26 18:22:45,Bitcoin Still Shines Like A Sun,"In this post, I would like to show you what happens to the structure of the crypto market over time as new stars join the universe with hopes of taking down the shining star, Bitcoin. Chart 1. Market Cap Comparison: Bitcoin, Ethereum, and Altcoins The chart above starts in September of 2017. Both altcoins and [&#8230;]"
2022-04-26 12:00:32,Navigating Volatility - Risk-Controlled Portfolio,"Controlling portfolio beta, which measures overall systemic risk of a portfolio compared to the market, on the whole, is essential as these markets continue to display bouts of extreme volatility. Containing volatility while generating superior returns relative to the market is the goal with an options-based portfolio. Mitigating risk within a portfolio can be achieved [&#8230;]"
2022-04-25 15:07:44,Here's How to Handle Inflation,"I have to admit I almost fell out of my chair when I dug deep into the latest inflation numbers. Compared to a year ago, prices are up a jaw-dropping 8.5%. And in March alone they grew 1.2%. That’s the biggest single-month increase in the last 6 months. And if you look at the trend [&#8230;]"
2022-04-30 11:00:48,Gold Bounces But Couldn't Hold Friday's Highs,"June 2022 gold futures opened Friday morning at $1895.80, far above Thursday’s low of $1871. Trading to a high of $1921.30 and settled in New York up 1.1% at $1911.70. However, on Fridays, Globex trading remains open until 6 PM EDT before closing for the weekend. As of 5:10 EDT, gold has moved back below [&#8230;]"
2022-04-29 21:18:37,NASDAQ Post Worst Month Since October 2008,"The stock market once again plunged Friday, with the NASDAQ suffering its worst monthly loss since October of 2008, losing -13.26%. In addition, the DOW and S&#038;P 500 both finished April in the negative, with losses standing at -4.91% and -8.80%, respectively. On a daily level, the NASDAQ lost -4.17% to close at 12,334.64. The [&#8230;]"
2022-04-28 17:00:14,Retail Fuel Prices Skyrocket,"“The following is an excerpt from Tim Snyder’s “Weekly Quick Facts” newsletter. Tim is an accomplished economist with a deep understanding of applied economics in energy. We encourage you to visit Matador Economics and learn more about Tim. While there, you can sign up for his completely free Daily Energy Briefs and Weekly Quick Facts [&#8230;]"
2022-05-02 15:14:41,Overly Pessimistic Market Conditions?,"April – Worst Month Since 2008 Financial Crisis As April ended, the Nasdaq logged its worst month since the 2008 financial crisis, while the S&#038;P 500 logged its worst month since March of 2020 during the depths of the Covid pandemic. No company has been immune to the onslaught of the macroeconomic environment as many [&#8230;]"
2022-05-07 11:00:19,Gold Resilient Amid Market Sentiment Reversal,"This week the Federal Reserve addressed revisions to its current monetary policy in its attempt to reduce the current levels of inflation to an acceptable target. The statement released after the FOMC meeting, coupled with Chairman Powell’s press conference, resulted in extreme volatility in many financial sectors. Market participants witnessed one of the strongest knee-jerk [&#8230;]"
2022-05-06 21:30:50,DOW Drops For Sixth Straight Week,"Choppy trading was the theme of the day on Friday after a dramatic week that saw the DOW post both its best and worst days since 2020, with the worst day being Thursday, when it dropped over 1,000 points. The DOW shed 98.60 points, or -0.30%, to finish at 32,899.37. The S&#038;P 500 shed -0.57% [&#8230;]"
2022-05-06 15:39:18,ISM Hints At Forward Deceleration,"As a former manufacturing guy, I am well aware of how monetary policy and the state of the US dollar affects US manufacturers. But I have not been that guy for so long now that I tend not to look at it as closely anymore. But the current time seems appropriate for a review of [&#8230;]"
2022-05-05 15:37:28,What Do The Macros Tell Us About The Market?,"“The following is an excerpt from Tim Snyder’s “Weekly Quick Facts” newsletter. Tim is an accomplished economist with a deep understanding of applied economics in energy. We encourage you to visit Matador Economics and learn more about Tim. While there, you can sign up for his completely free Daily Energy Briefs and Weekly Quick Facts [&#8230;]"
2022-05-04 12:00:09,3 Gold Miners Trading At Dirt-Cheap Valuations,"It's been a volatile start to the year for the major market averages, but one sector that's managed to hold up well among the carnage is the Gold Miners Index (GDX). In fact, the index is up 10% year-to-date on the back of higher gold prices. While some investors might fear that they've already missed [&#8230;]"
2022-05-03 17:00:16,Dollar Index Hits Your Target And More,"Three weeks ago, I shared the chart of the U.S. Dollar Index (DX) with a bullish outlook. You supported the idea with the most votes given to the conservative target of $103 located at the peak of Y2020. Your winning vote played out last Wednesday, the 27th of April. Kudos to all of you. It [&#8230;]"
2022-05-03 12:00:55,Earnings Calendar For May 2022,"There are over 2,700 companies scheduled to report quarterly earnings in May. That means potentially thousands of earnings-related price swings! Drift Trader is ready to find them all, picking stocks that have the potential to run after surprise announcements. Get new picks and earnings-seasons finds with a free subscription to Drift Trader. There is no [&#8230;]"
2022-05-08 12:00:07,3 High Quality Silver Miners To Consider,"While the Gold Miners Index (GDX) has been a sanctuary in the turbulent market environment, the Silver Miners Index (SIL) has not fared as well. This is evidenced by its 2000 basis point underperformance vs. the GDX, partially explained by the weaker margin profile for silver producers. The good news is that this underperformance is [&#8230;]"
2022-05-13 11:00:02,Three Gold Miners To Buy On Dips,"It’s been an ugly week for the major market averages, with the S&#038;P 500 (SPY) continuing its violent decline from its Q1 highs. Prior to this week, the Gold Miners Index (GDX) was a sanctuary from the turbulence, but when the market heads past the 15% correction mark, few stocks are sheltered from the turbulence. [&#8230;]"
2022-05-12 17:00:47,U.S. Records Another Record For Retail Gasoline,"“The following is an excerpt from Tim Snyder’s “Weekly Quick Facts” newsletter. Tim is an accomplished economist with a deep understanding of applied economics in energy. We encourage you to visit Matador Economics and learn more about Tim. While there, you can sign up for his completely free Daily Energy Briefs and Weekly Quick Facts [&#8230;]"
2022-05-12 11:00:35,Is The Housing Bubble The Next To Burst?,"With stock prices cratering and bond yields soaring, it’s a fair question to ask if the housing bubble is about to burst, too. After all, home prices have skyrocketed in recent years thanks to artificially low-interest rates engineered by the Federal Reserve, which has kept mortgage rates well below historic levels ever since the 2008 [&#8230;]"
2022-05-11 15:13:26,Signs Of Peaking Inflation?,"Inflation – The Stock Market Achilles Heel The stock market is a forecasting instrument that anticipates and prices-in future economic conditions. The confluence of rising interest rates, inflation, China Covid lockdowns, and the war in Ukraine has resulted in months of selling. The relentless, indiscriminate selling has pushed the Dow Jones and S&#038;P 500 deep [&#8230;]"
2022-05-10 16:32:32,New ETFs You May Want To Own,"New ETFs are popping up all the time. This is partially due to the ease of the process of opening a new product but largely because investors are looking for new ways to play different emerging trends and new technologies. Of course, it's unlikely all the new ETF options will last the test of time; [&#8230;]"
2022-05-09 17:00:07,Crypto Apocalypse?,Ethereum (ETHUSDBIT) has an annihilation pattern in its chart and I would like to share it with you below as the price of the second largest crypto is approaching the trigger point. You know this famous pattern very well as this model frequently appears in different instruments. I know it looks a little bit weird [&#8230;]
2022-05-09 12:00:56,The Truth Behind The Tech Selloff,"There’s no doubt about it: Tech stocks have taken it on the chin lately. In fact, the tech sector (NASDAQ) is down 22% since the beginning of the year. That’s a terrible start to the year, no matter how you slice it. And inside tech, there’s nowhere to hide. Even the biggest and brightest are [&#8230;]"
2022-05-15 12:00:06,Here's Why Stocks And Bitcoin Are Down,"First off, I don’t have to tell you that if you've invested in the stock market, the last couple of months has been downright terrible. In fact, since the beginning of the year, major stock indexes of every ilk are down. Take a look: Source As you can see from this chart, just about everywhere [&#8230;]"
2022-05-14 11:00:46,Gold Suffers Its Fourth Straight Week Of Declines,"Editor’s Note: I will be speaking at an upcoming conference The Vancouver Resource Investment Conference in British Columbia on May 17 and 18. For more information please click the link above. Gold opened at $1977 on Monday, April 18, and this would mark the beginning of four consecutive weekly declines. As of 5:10 PM EDT [&#8230;]"
2022-05-13 21:11:26,Bitcoin Falls For Its 6th Straight Week,"Bitcoin fought hard to stay around the 30K level on Friday but fell just below that level as the stock market closed on Friday, trading in the 29K range. Unfortunately, it was also unable to escape the crypto bears grip this week, trading as low as 25,401.05, and will end up having its sixth straight [&#8230;]"
2022-05-19 15:33:55,Three Gold Miners Trading At Deep Discounts,"It’s been a rollercoaster ride for investors in the Gold Miners Index (GDX), with the index starting the year up 24% only to find itself back at a negative year-to-date return. While this has led to disappointment among many investors, I believe that this complete retracement is a gift, and it's worth noting that the [&#8230;]"
2022-05-18 15:42:01,Records Everywhere And Not A Drop To Spare,"“The following is an excerpt from Tim Snyder’s “Weekly Quick Facts” newsletter. Tim is an accomplished economist with a deep understanding of applied economics in energy. We encourage you to visit Matador Economics and learn more about Tim. While there, you can sign up for his completely free Daily Energy Briefs and Weekly Quick Facts [&#8230;]"
2022-05-16 12:00:24,A New Way To Turn Your Portfolio Green,"Over the last few years, the move to ""go green"" with everything from vehicles, homes, food, and beyond has also hit the financial markets. But it may be harder than you think to actually find green investments since so many of the green companies still have a large carbon footprint. Take the wind and solar [&#8230;]"
2022-05-24 17:13:05,3 Gold Miners To Inflation-Proof Your Portfolio,"It was another turbulent week for the major averages, with the S&#038;P 500 (SPY) finding itself down 3%, extending its decline to the 20% mark. However, one sanctuary from the turbulence was the Gold Miners Index (GDX). Not only did the index not lose ground last week, but it gained 3%, and it is one [&#8230;]"
2022-05-24 12:00:18,Gold Update: Window Of Opportunity Still Open,Last month I spotted a “Repeated Bullish pattern” of another Cup &#038; Handle model. The majority of readers confirmed that they see it either. Most of you supported my outlook of an extended Handle with another zigzag to the downside. This was the right guess. Let me show it to you in an updated chart [&#8230;]
2022-05-23 12:00:06,What All The Recession Talk Really Means,"If you’ve been following along here over the past year, I won’t have to remind you that I have no problem telling it just like it is. And that includes the good news, and the bad news, about Bitcoin (BTC), cryptocurrencies in general, stocks, and the economy. You name it, and I try to be [&#8230;]"
2022-05-22 12:00:07,Money Apparently Can Buy Happiness,"A recently published paper by Matthew Killingsworth, a senior psychology fellow at The Wharton School of Business at the University of Pennsylvania, concludes that individuals with higher income often reported increased levels of day-to-day happiness and overall life fulfillment. Previous research done at Princeton University found that happiness sort of plateaued once annual income reached [&#8230;]"
2022-05-21 12:00:08,Gold Posts Solid Gains For The Week,"Gold prices closed higher on the day and the week resulting in solid gains. As of 5:50 PM, ET gold futures basis most active June contract is currently up $3.90 or 0.21%, fixed at $1845.10. Considering that gold futures traded to a low this week of $1785 and closed near the highest value this week [&#8230;]"
2022-05-20 21:38:54,S&P 500 Flirts With Bear Market,"The S&#038;P 500 and stock market were under heavy pressure in early trading as the ""R"" word was thrown around. The S&#038;P 500 was down as much as -2.3% earlier in the session. At the day's lows, the S&#038;P 500 was -20.9% below its intraday high in January, which would signal an entry into a [&#8230;]"
2022-05-29 12:00:21,"As Inflation Signals Cool, Various Markets Get Relief","Whether a bounce or something more extended, a bear market rally was bound to get off the ground sooner or later. It was a matter of time, with stock market sentiment this over-bearish. Here is how the US Stock Market segment led off last weekend in NFTRH 706: We then covered the technically bearish state of [&#8230;]"
2022-05-28 12:00:59,Inflation: Is The Glass Half Empty Or Half Full?,The inflation rate rose 0.2% in April; is the glass half empty or half full? Today the BEA (Bureau of Economic Analysis) released the PCE (personal consumption expenditures) for April 2022. This report is the preferred inflation gauge used by the Federal Reserve as a key component to shape their forward guidance of monetary policy. [&#8230;]
2022-05-27 21:15:28,Stocks Rise On Slowing Inflation Report,"The Fed's preferred inflation gauge's core personal consumption expenditures price index rose 4.9% from a year ago in April, in line with estimates and a deceleration from March when the inflation gauge stood at 5.2%. While still elevated, the report indicates that price pressures could be easing a bit, as reported by the Commerce Department [&#8230;]"
2022-05-26 18:33:17,And You Thought Gasoline And Diesel Prices Were High,"“The following is an excerpt from Tim Snyder’s “Weekly Quick Facts” newsletter. Tim is an accomplished economist with a deep understanding of applied economics in energy. We encourage you to visit Matador Economics and learn more about Tim. While there, you can sign up for his completely free Daily Energy Briefs and Weekly Quick Facts [&#8230;]"
2022-05-26 11:00:57,Building A Portfolio In A Bear Market,"No Place To Hide A massive amount of portfolio wealth has been destroyed throughout this bear market that continues its carnage that started in January. Except for oil stocks, there hasn't been any place to hide, as the cryptocurrency market, gold, equities, and bonds have all scummed to the mauling of the bear. The current [&#8230;]"
2022-05-25 17:35:25,Navigating The Microchip Arena,"It's important to remember that the perfect time to buy is when there's blood in the water, never has the case been more true than within the microchip industry at its current junction. With only three main players in the manufacturing and design space, a would-be investor needs to ensure that a chipmaker is managing [&#8230;]"
2022-05-25 11:00:00,"The Fed Giveth, The Fed Taketh Away","With the stock market tanking and the Federal Reserve finally starting to raise interest rates and reduce its $9 trillion balance sheet, it's probably a good time to look back and determine how much of the stock market's gains in the past 12 years or so have been built on extremely accommodative Fed monetary policy. [&#8230;]"
2022-05-30 12:00:44,Historical Bear Market Comparisons,"2022 Bear Market Although there’s not an official bear market definition, those on Wall Street define a bear market as a 20% drop in the broader index. As of late May, the Nasdaq, Russell 2000, and S&#038;P 500 have all breached that 20% sell-off threshold. This bear market is largely due to a confluence of [&#8230;]"
2022-05-31 12:00:24,It's Time To Arm Your Portfolio,"Today, in 2022, there are 27 ongoing armed interstate and civil conflicts occurring; while there is a moral and ethical perspective to be had while analyzing the state of military affairs in the world, there is also an economic one. Fun fact: It costs $100,000 per year to maintain each soldier within the United States [&#8230;]"
2022-06-03 21:47:59,After Respite Stocks Back To Weekly Losses,"A week after breaking long weekly losing streaks, the stock market is back to its losing ways, with the DOW falling 348.58 points, or -1.05%, to 32,899.70. The S&#038;P 500 slipped by -1.63% to 4,108.54, and the NASDAQ fell -2.47% to end the week at 12,012.73. On a weekly level, the DOW lost -0.94; the [&#8230;]"
2022-06-03 12:00:43,EU Cuts Off Russian Oil Making These ETFs Top Buys,"When the European Union voted to cut off Russian crude on May 31st, it was essentially a green light to buy oil stocks and, thus, a number of oil-focused ETFs. But before we dig into a few options that you should look at, let's talk about why this move is good for the oil industry [&#8230;]"
2022-06-02 12:00:39,Three Silver Miners On The Sale Rack,"While the gold price has managed to hold onto most of its Q1 gains amid the market turmoil, the silver price has not fared nearly as well. In fact, the metal is sitting at a (-) 5% year-to-date return after briefly being up 16% for the year at its March highs. This retracement in the [&#8230;]"
2022-06-01 11:00:25,Using Leverage & Risk Management to Win Big in Today's Market,"Our very own Trader Travis, former U.S. Investing Champion and creator of the MarketClub Options Blueprint, joined Adam Mesh last week to discuss the current market environment and how he's been able to fair so well. Mesh invited him for good reason, Travis' last three trades generated a 41%, 43%, and 87% ROI for SPY, [&#8230;]"
2022-06-05 11:00:02,Here's Why Stocks Rallied Last Week,"I don't know about you, but right now, I'm breathing a little sigh of relief. And with good reason. Finally last week, we got some good news out of stock market action. And pretty much across the board, the news was positive. Here’s what I mean: Source As you can see from this set of [&#8230;]"
2022-06-04 12:00:10,Strong Jobs Report Supports Continued Monetary Tightening,"A Bloomberg survey of economists indicated that the medium estimate for jobs added in May would show that approximately 318,000 new jobs were added. Additionally, the survey also predicted that the unemployment rate would fall to 3.5%. A Wall Street Journal survey of economists forecasted that employers would add 328,000 jobs in May. The survey [&#8230;]"
2022-06-10 10:00:22,Is the Fed Put Kaput?,"For those new to the game, the ""Fed put"" is a belief among investors that the Federal Reserve will come to the rescue anytime the stock market drops a certain amount. While much of the belief in the Fed Put is based on wishful thinking, it has proven to be the case enough times over [&#8230;]"
2022-06-09 16:30:40,Stocks And Bitcoin Holding Up,"In last week’s installment, I told you about how we finally got a solid weekly up bar across every major stock index. In fact, I went into detail about the 6% plus bullish action for the Dow, the S&#038;P 500, the Nasdaq, and even the broad market Russell 2000. In addition, across the board, they [&#8230;]"
2022-06-08 16:52:56,"Some Are Expecting ""Rolling Brownouts"" Or ""Blackouts""","“The following is an excerpt from Tim Snyder’s “Weekly Quick Facts” newsletter. Tim is an accomplished economist with a deep understanding of applied economics in energy. We encourage you to visit Matador Economics and learn more about Tim. While there, you can sign up for his completely free Daily Energy Briefs and Weekly Quick Facts [&#8230;]"
2022-06-07 11:00:48,Dollar Index: The Last Shall Be First,"Since my last update, the dollar advanced further to the upside establishing the new multi-year top of $105 in the middle of May. Later, the market started the correction as the dollar index (DX) drifted into the area of $101. Last time, you bet the most on the further rise of the dollar to $121 [&#8230;]"
2022-06-06 11:00:05,This Is Not Your Grandpa's Inflation Problem,"The Fed is starting to play catch-up with inflation signals from the bond market as evidenced by the Fed Funds Rate finally being pulled upward by the implications of the rising 3 month T-bill yield, among other more obvious signals like the long since rising 2yr Treasury yield and ongoing inflation headlines we read about [&#8230;]"
2022-06-14 14:20:27,Inside Scoop - Big Biotech Purchase On the Radar,"Are you ready for the Inside Scoop? The largest insider buy on All Star Chart's Inside Scoop list is a Form 4 filing by David Goeddel, independent director at NGM Biopharmaceuticals (NGM). Goeddel disclosed the purchase of approximately $13.2 million worth of shares in the small-cap biotech company. The CEOs of Camping World Holdings (CWH) [&#8230;]"
2022-06-13 10:00:28,Stay-At-Home Stocks Still Have Life,"The Covid-19 pandemic has changed our world and lives in ways we never thought were possible before the global shutdown. One of the biggest changes was how we work and, more specifically, where we work. I, for one, have worked from home for about a decade. At first, it was a big change that took [&#8230;]"
2022-06-12 10:00:28,A Pivotal Juncture for Gold,"With FOMC on tap with an upcoming .5% rate hike, gold got hammered and bounced back with a vengeance on ‘CPI’ Friday. The Fed will raise the Funds Rate at least .5% next week. So says not me, but the wise guys whose job it is to correctly anticipate FOMC policy. Indeed, a full 20% [&#8230;]"
2022-06-11 10:00:21,Tesla (TSLA) Gets Booted from the ESG Index,"On May 2nd, the S&#038;P 500 removed Tesla (TSLA) from its ESG Index, which is short for environmental, social, and governance. In recent years ESG investing has grown in popularity as more and more investors push for companies to treat the environment and their stakeholders to a higher standard. But, Tesla, a company that many [&#8230;]"
2022-06-19 10:00:34,Oil For The Fire,"One of the largest factors affecting economic models everywhere has been the volatility of oil prices - just this week, the US Bureau of Labor and Statistics published the monthly inflation number and it wasn’t pretty... The CPI was up 1% in May! The culprit? A 49% increase in fuel prices; economists were shocked as [&#8230;]"
2022-06-18 10:00:24,Here's the REAL Inflation Story,"I have to admit: About halfway through last month, I was sitting in my car waiting for gas at the local grocery store and I had a gut-wrenching feeling. My prediction about inflation peaking in April at an 8.3% annual rate might be wrong. Dead wrong. So as I sat their waiting for my turn, [&#8230;]"
2022-06-17 10:00:57,Three Gold Miners To Buy On Dips,"It’s been a turbulent month for the markets, but while the S&#038;P-500 (SPY) and Nasdaq Composite (QQQ) are deep in negative territory, the price of gold has been holding up well. This is evidenced by its (-) 1% monthly return and flat performance year-to-date. This 2000 basis point out-performance for the yellow metal should not [&#8230;]"
2022-06-16 10:00:42,CPI Readings – The Market’s Blight,"The Consumer Price Index (CPI) has become the most influential and critical variable in today's market. The CPI readings directly impact monetary policy put forth by Federal Reserve via interest rate hikes, bond buying, and liquidity measures. Inflation continues to be persistent throughout the economy and the Federal Reserve must balance curtailing inflation without destroying [&#8230;]"
2022-06-15 10:00:00,Bullish Pattern Spotted for Two Agricultural Futures,"There is an interesting bullish pattern popping up in the agricultural markets. It's a pattern I spotted in gold in February, but now I've found it in at least two agricultural markets. Soybean Futures - Cup &#038; Handle Let's start with a soybean futures chart. The soybean futures price hit an all-time high of $17.89/bushel [&#8230;]"
2022-06-24 10:00:55,Gold Bugs Better Not Look At These Charts,"Last week the Fed has lifted its benchmark interest rate aggressively by 0.75 percentage points and that was the biggest increase since 1994. This decision came with the yearly inflation of 8.6% in May running at its fastest pace since December 1981. Moreover, new hikes are to come this year as the Fed’s benchmark rate [&#8230;]"
2022-06-23 14:54:46,Three Silver Miners To Buy On Dips,"While the price of silver (SLV) has held up relatively well in June, considering the sharp declines in global markets, the Silver Miners Index (SIL) has not been as fortunate. In fact, despite silver being down just 7% year-to-date and being a sanctuary from the selling pressure, the Silver Miners Index has been battered, sliding [&#8230;]"
2022-06-22 18:42:45,Bear Market Q&A,"The main question of bull or bear market has been answered quite loudly - BEAR!!! Now more investors are getting the memo and running for the exits at the same time. Steve Reitmeister, CEO of StockNews.com and Editor of the Reitmeister Total Return, is here to answer some questions about the current bear market. Q: [&#8230;]"
2022-06-21 17:06:43,Taming Inflation - Tough Action Needed,"Curbing Inflation - The Priority Rolling back inflation is an absolute necessity before these markets can start to turn back this tide of relentless selling. The process of curbing inflation will not be quick, nor will it be an easy feat. A delicate balance must be exercised to curb inflation via rising rates while not [&#8230;]"
2022-06-20 10:00:10,Wishful Thinking,"Relax, folks. There isn't going to be a long recession, if there is one at all, and you're probably not going to lose your job, and inflation will be down below 3% by next year. The Fed’s got your back. That's the story from the Federal Reserve’s incredibly optimistic projections released after the end of [&#8230;]"
2022-06-25 10:00:13,Window of Opportunity - Valuations Below Pre-Pandemic Highs,Window of Opportunity Six months of relentless and indiscriminate selling has roiled the markets. This selling has reduced the frothy pandemic induced run-up in stocks back to pre-pandemic levels. In many cases stocks are trading well below the pre-pandemic highs. Stocks are now presenting a window of opportunity for long-term investors at this juncture. With [&#8230;]
2022-06-29 12:00:12,Backdoor Marijuana Investment Play,"Scotts Miracle-Gro (SMG), a company that is best known for Scotts branded products like fertilizers and grass seeds, is also a backdoor marijuana investment play. Most marijuana investors know this, but they may not fully understand how Scotts is involved in the marijuana industry and why that could make Scotts slightly more of a risky [&#8230;]"
2022-06-28 12:00:33,Gold Miners Trading At Their Largest Discount,"Amidst a backdrop of elevated inflation, near-record high gold prices, and negative real rates, many gold bulls are puzzled by the lack of upside follow-through in the Gold Miners Index (GDX). This is because, despite this favorable environment, the index is down 6% year-to-date and 40% from its Q3 2020 highs. However, it’s important to [&#8230;]"
2022-06-27 14:08:26,Critical Report Due Out On Wednesday,"Chairman Powell’s testimony before Congress this week painted a dire economic outlook which will include the continued contraction of the national GDP coupled with continued interest rate hikes. During his testimony, it was evident that there was a subtle difference in his word track that was uncharacteristic and a dramatic change from his usual refined [&#8230;]"
2022-06-30 12:00:47,Rising Rates: Financials Will Greatly Benefit,The Federal Reserve raised interest rates by 75-basis points at its most recent meeting and forecasted that a similar rate hike could on the table in July. These efforts are necessary to stamp out the persistently high inflation throughout the economy. The most recent 75-basis point rate hike was the largest since the 1994 rate [&#8230;]
2022-07-04 12:00:03,Three Gold Miners on Sale,"Disgust. Despair. Robbed. These are just a few of the emotions likely felt by investors in the Gold Miners Index (GDX), which are looking at the ETF trade at the same level it did over two years ago when the gold price (GLD) sat below $1,525/oz. Worse, this pathetic performance has occurred in a period [&#8230;]"
2022-07-03 12:00:56,Consumers Are in a State of Shock,"As the Fed continues to posture future rate increases to battle inflation, recent economic data shows consumers are in a state of shock as price factors continue to skyrocket. Food, gas, materials, etc have shot up in price over the past 24 months – with no end in sight. Consumers Are Recoiling Away From Traditional [&#8230;]"
2022-07-02 12:00:00,This is a Trader You'll Want to Know,"We have got to introduce you to someone. That's if you don't already know him - after all, he is one of the most followed technical analysts on the globe. JC Parets is the real deal when it comes to technical analysis. Not only is he a Chartered Market Technician (CMT), but he shows his [&#8230;]"
2022-07-01 12:00:43,Here's What's Next for BTC and Stocks,"There’s no doubt about it: Bitcoin (BTC) has broken down. In fact, it recently sliced through significant support at the $28K level like a hot knife through butter. Take a look... Source As you can see from this daily chart of BTC, the dominant crypto dropped below resistance that had been firmly established back in [&#8230;]"
2022-07-09 12:00:14,Will Cresco Labs (CRLBF) See Higher Highs?,"Markets continue to be volatile, with inflation and fears of a potential recession still making the rounds. Despite wild swings in the market, the S&#038;P 500 was flat, while the cannabis sector (as measured by the AdvisorShares Pure US Cannabis ETF) moved slightly higher from a low of $10.08 to a recent high of $11.26 [&#8230;]"
2022-07-08 12:00:57,Copper Fears Recession,"The copper futures hit an all-time high this spring. This is not a surprise to many readers who suspected it would - see the poll from late August. The price has topped at $5.04, missing the preset target area between $5.36-$5.41. After that, copper futures collapsed below the valley of the last summer ($3.96) in [&#8230;]"
2022-07-07 12:00:39,Ride the Crypto Dip with this Bitcoin ETF,"In late June, the ProShares Short Bitcoin Strategy ETF (BITI) began trading. BITI is the first inverse or ‘short’ Bitcoin exchange-traded fund in the US. The purpose of this ETF is to give investors a way to profit if the price of Bitcoin falls. The fund didn’t seem to be well received the first day [&#8230;]"
2022-07-06 12:00:40,'Anti' Markets,"These daily charts are flipped over to a view that is ‘anti’ their normal selves. I have often referred to the improbably bullish (to many; NFTRH has tracked and respected the bullish dollar for a year now) US dollar as an anti-market, the liquidity collector from the global liquidity-driven and speculative mess created by the [&#8230;]"
2022-07-05 12:00:13,Stocks are NOT Out of the Woods,"I get the distinct feeling that a lot of investors are feeling like the action last week in the equity markets may be a harbinger of good things to come. In other words, we might be out of the woods. As much as I’d like to believe that I can’t jump on board. I still [&#8230;]"
